{"cameraMode":{"drawMode":0,"name":"Shaded","section":"Shading Mode"},"sceneLighting":true,"audioPlay":false,"sceneViewState":{"showFog":true,"showMaterialUpdate":false,"showSkybox":true,"showFlares":true,"showImageEffects":true,"showParticleSystems":true},"in2DMode":false,"pivot":{"x":174.04539489746095,"y":-196.7021942138672,"z":738.72607421875},"rotation":{"x":-0.17230519652366639,"y":0.16280589997768403,"z":-0.028528055176138879,"w":-0.9713267087936401},"size":710.1587524414063,"orthographic":false}